ranking,object,description,width,x,height,colour,price,image
1,postcard,40 jaar installaties / Guillaume Bijl / M HKA,148mm,x,105mm,multi,0.00,bijl2.jpg
2,yarn,500m sewing yarn / Green / 100% Polyester,60mm,x,30mm,green,1.00,yarn.jpg
3,magazine,A magazine curated by Martin Margiela,250mm,x,297mm,white,35.00,margiela_magazine.jpg
4,lp,Abba / The best of Abba,315mm,x,315mm,orange,10.00,abba_best.jpg
5,lp ,Abba / Voulez-Vous,315mm,x,315mm,blue,15.00,abba.jpg
6,marker,Alcohol based marker / Water resistant / Black,140mm,x,20mm,black,1.70,marker1.jpg
7,postcard,Architecture in Belgium / BOZAR,148mm,x,105mm,multi,0.00,architecture.jpg
8,postcard,"Archive, images: vergetelheid / Shervin E / Valerie Traan",148mm,x,105mm,white,0.00,valerie.jpg
9,photograph,Arevik & Tengteng,100mm,x,150mm,multi,0.10,photo.jpg
10,set square,Aristo / TZ-DREIECK 2 / 30cm,240mm,x,360mm,yellow,9.99,geo.jpg
11,cardreader,ATM Smart Cardreader / Logon / BUD002,65mm,x,60mm,white,15.70,cardreader.jpg
12,postcard,Balloon Dog / Jeff Koons / MUCEM,148mm,x,105mm,pink,2.00,koons.jpg
13,pencil,BIC / blue / blue ink,135mm,x,10mm,blue,1.70,bic_blue.jpg
14,pencil,BIC / red / red ink,135mm,x,10mm,red,1.70,bic_red.jpg
15,speaker,Black and gold speaker / USB / AUX,120mm,x,50mm,gold,30.00,box.jpg
16,stapler,Black and Green / Staples,120mm,x,20mm,black,0.00,stapler.jpg
17,scissors,Black Dahle scissors / rostfrei,70mm,x,260mm,black,20.00,scissors_big.jpg
18,lp,Blood Orange / Negro Swan,315mm,x,315mm,multi,30.00,blood_orange.jpg
19,folder,Blue Organising Folder / A4,220mm,x,310mm,blue,2.00,blue_folder.jpg
20,postcard,Boom-Car / Jelle Jespers,148mm,x,105mm,white,0.00,jelle1.jpg
21,book,Bruce Nauman / Tate Modern,190mm,x,297mm,green,35.00,bruce.jpg
22,postcard,Brussels / BOZAR,148mm,x,105mm,black,1.00,brussels.jpg
23,lip balm,Cherry flavoured lip balm / 12M,35mm,x,35mm,pink,2.00,lipbalm.jpg
24,book,Cindy Sherman / National Portrait Gallery,135mm,x,210mm,blue,45.00,cindy.jpg
25,money,Coin / 2 euro's ,15mm,x,15mm,gold,2.00,euro.jpg
26,scissors ,Crelando / Stainless Steel,130mm,x,70mm,black,6.50,scissors_small.jpg
27,lp,David Bowie / Aladdin Sane,315mm,x,315mm,white,26.99,david_bowie.jpg
28,lp,Diana Ross / Diana,315mm,x,315mm,grey,15.00,diana.jpg
29,lp,Diana Ross / The best of Diana Ross,315mm,x,315mm,black,10.00,diana_best.jpg
30,postcard,Discussion / KANAL,148mm,x,105mm,white,0.00,discussion.jpg
31,book,Donald Judd: Artworks 1970–1994 / Hardcover / David Zwirner Books,178mm,x,254mm,black,43.99,judd.jpg
32,lp,Donna Summer / I remember yesterday,315mm,x,315mm,black,15.00,donna.jpg
33,postcard,Dries Van Noten / Casper Sejersen,148mm,x,105mm,mulit,0.00,dries1.jpg
34,postcard,Dries Van Noten / Casper Sejersen,148mm,x,105mm,multi,0.00,dries2.jpg
35,postcard,Dries Van Noten / Casper Sejersen,148mm,x,105mm,multi,0.00,dries3.jpg
36,postcard,Dries Van Noten / Casper Sejersen,148mm,x,105mm,multi,0.00,dries4.jpg
37,tray,Egyptian yellow marble,180mm,x,100mm,yellow,10.00,tray.jpg
38,tape,Electric tape roll / white,50mm,x,50mm,white,0.42,tape.jpg
39,book,ENDE NEU / A.F. Vandevorst / Embroidered hardcover,200mm,x,280mm,white,69.50,af.jpg
40,book,Eurotopie / Roxane Le Grelle,190mm,x,297mm,silver,10.00,eurotopie.jpg
41,book,Eva & Adele / L’amour du Risque,190mm,x,297mm,pink,25.00,eva.jpg
42,postcard,Excerpts of outrage / Wout Kempen,148mm,x,105mm,grey,0.00,error.jpg
43,postcard,Extase / Sanne Sannes / Kunsthal,148mm,x,105mm,black,0.00,sanne.jpg
44,bag,Fishnet bag / Recycled / Green & White,300mm,x,150mm,green,16.00,bag.jpg
45,pencil case,Folder Sys / Transparant / Black Zipper,290mm,x,240mm,white,3.86,pencil_case.jpg
46,usb-stick,GA11VSD / USB,20mm,x,30mm,black,5.70,usb.jpg
47,postcard,Gas Holder / Bernd & Hilla Becher,148mm,x,105mm,black,2.00,buildings.jpg
48,lp,Grace Jones / Living my life,315mm,x,315mm,white,20.00,grace_white.jpg
49,lp,Grace Jones / Nightclubbing,315mm,x,315mm,yellow,26.99,grace1.jpg
50,keys,Green key label / Charlottalei / basement,50mm,x,20mm,green,0.20,keylabel.jpg
51,postcard,Hevoslauma / Heikki Willamo / Salo Art Museum,148mm,x,105mm,white,1.50,heikki.jpg
52,mug,Ikea / white Mug ,100mm,x,90mm,white,3.00,mug.jpg
53,lp,Indochine / 7000 danses,315mm,x,315mm,multi,0.00,indochine.jpg
54,charger,Iphone Charger / 4m / USB - C,1300mm,x,10mm,white,24.99,charger.jpg
55,lp,Janet Jackson / Control,315mm,x,315mm,red,20.00,janet.jpg
56,lp,Jeff Buckley / Grace,315mm,x,315mm,black,23.99,jeff_buckley.jpg
57,postcard,"Jonathan Vervoort / You came, you saw / Base-Alpha Gallery",148mm,x,105mm,orange,0.00,base_alpha.jpg
58,postcard,Les Conseillers / KANAL,148mm,x,105mm,black,0.00,hands.jpg
59,postcard,Ligia Poplawska / RA,148mm,x,105mm,grey,2.00,zuilen.jpg
60,postcard,Listen to Black Sabbath / KANAL,148mm,x,105mm,white,0.00,black_sabbath.jpg
61,adaptor,LMP / USB-C,30mm,x,20mm,black,10.00,adaptor.jpg
62,postcard,Lucian Freud painting the queen / David Dawson,148mm,x,105mm,multi,2.00,freud.jpg
63,postcard,Maison Margiela / Lafayette Anticipations,148mm,x,105mm,grey,2.50,deo.jpg
64,book,Manfred Thierry Mugler Photography / Abrams,190mm,x,297mm,blue,55.00,mugler.jpg
65,postcard,Mario Testino / Undressed / Vogue Italia,148mm,x,105mm,Blue,2.50,mario.jpg
66,book,Martin Margiela / Lafayette Anticipations,135mm,x,201mm,pink,5.00,margiela_pink.jpg
67,book,Martin Margiela at Lafayette Anticipations / Koenig Books,190mm,x,297mm,grey,49.00,margiela_postits.jpg
68,postcard,Mermaid Honeymoon / Allan Sekula / M HKA,148mm,x,105mm,multi,0.00,sushi.jpg
69,sunglasses,Miu Miu / Black / 360,190mm,x,60mm,black,35.00,miumiu.jpg
70,pencil,Moris / 2B / N. 120-0,140mm,x,5mm,yellow,0.70,pencil.jpg
71,candle,Muji / Scented Candle / lavender,80mm,x,40mm,silver,5.50,candle.jpg
72,post-its,Neon yellow / 200 / sticky,70mm,x,70mm,yellow,1.80,postits.jpg
73,book,Never Walk on crowded streets / Giovanna Silva,120mm,x,160mm,grey,20.00,roma.jpg
74,postcard,Nijntje / Dick Bruna,148mm,x,105mm,orange,2.00,dick_bruna.jpg
75,lp,Nina Simone / I love to love,315mm,x,315mm,black,20.00,nina_simone.jpg
76,postcard,NOW BELGIUM NOW / LLS Paleis,148mm,x,105mm,white,0.00,lls.jpg
77,camera,Panasonic Lumix / DMC-FX12 / MEGA O.I.S,100mm,x,50mm,silver,25.00,lumix.jpg
78,lp,Patti Smith / Horses ,315mm,x,315mm,grey,33.90,patti.jpg
79,lp,Paul Young / No Parlez,315mm,x,315mm,red,0.00,paul_young.jpg
80,lp,Pixies / Surfer Rosa,315mm,x,315mm,white,0.00,pixies.jpg
81,powerbank,Power tube / USB / orange,25mm,,85mm,orange,25.00,power.jpg
82,glue,Pritt Original / 22g,90mm,x,30mm,red,4.19,pritt.jpg
83,lp,Queen / A night at the opera,315mm,x,315mm,white,15.00,queen.jpg
84,ups label,Return label / black and white / A5,148mm,x,210mm,white,0.00,ups.jpg
85,photograph,Ronald Stoops for Maison Margiela,240mm,x,180mm,multi,0.00,ronald.jpg
86,postcard,Rotterdam Cultural Studies / Bik Van der Pol / Sleep with me,148mm,x,105mm,multi,0.00,bik.jpg
87,postcard,Rotterdam Cultural Studies / Oleg Kulik / Pavlov's Dog,148mm,x,105mm,multi,0.00,naked.jpg
88,adaptor,Scandisk / SD-Card / USB / Micromate,60mm,x,40mm,black,1.50,sd.jpg
89,postcard,"See you in Basel, Bitch /John Waters",148mm,x,105mm,blue,2.50,basel.jpg
90,cutting mat,Self healing cutting mat for crafts,300mm,x,150mm,green,21.95,cutting_mat.jpg
91,invitation,Sergio De Beukelaer / +1 Gallery / Blue Epoxy,120mm,x,160mm,blue,0.00,invitation.jpg
92,lp,Sex Pistols / Never mind the bollocks,315mm,x,315mm,yellow,19.99,sex_pistols.jpg
93,laptop,Silver macbook pro 16 inch / M1‑chip / 256 GB storage,355mm,x,248mm,silver,2499.00,mac_liv.jpg
94,book,SNOWCRASH / Arvinius + Orfeus,200mm,x,240mm,blue,35.00,snowcrash.jpg
95,lp,Solange / A seat at the table,315mm,x,315mm,beige,26.99,solange.jpg
96,lp,Spice Girls / Spice up your life,315mm,x,315mm,white,21.99,spice_girls.jpg
97,highlighter,Stabilo Boss / Neon / Yellow,100mm,x,30mm,yellow,1.79,stabilo_yellow.jpg
98,highlighter,Stabilo Boss Original / Yellow,110mm,x,30mm,red,1.79,stabilo_red.jpg
99,marker,Staedler / Permanent Special / Lumocolor,140mm,x,10mm,black,2.04,marker3.jpg
100,cutting knife,Stanley / Swivel-Lock Fixed Blade Utility Knife,130mm,x,15mm,yellow,12.77,stanley.jpg
101,postcard,T1962-U8 / Hans Hartung,148mm,x,105mm,multi,2.00,hair.jpg
102,postcard,The Antwerp 6 / Plaizier,148mm,x,105mm,black,2.00,antwerp6.jpg
103,book,The Perfect Document / Thomas Min,190mm,x,297mm,blue,25.00,min.jpg
104,lp,The Smiths / The Queen is dead,315mm,x,315mm,green,26.99,smiths.jpg
105,postcard,To the right & back / Marianne Berenhaut / M HKA,148mm,x,105mm,multi,0.00,berenhaut.jpg
106,postcard,Today is the first day / Wolfgang Tillmans,148mm,x,105mm,multi,0.00,colours.jpg
107,postcard,Today is the first day / Wolfgang Tillmans,148mm,x,105mm,grey,0.00,fabric.jpg
108,postcard,Today is the first day / Wolfgang Tillmans,148mm,x,105mm,multi,0.00,guitar.jpg
109,highlighter,Tratto Video / Fluorescent Ink,130mm,x,20mm,orange,0.80,orange_highlighter.jpg
110,marker,Twin marker / extra fine / Pilot,135mm,x,10mm,black,3.26,marker2.jpg
111,pencil,Uni-Ball eye fine / waterproof / black,135mm,x,10mm,black,1.44,marker3.jpg
112,book,UNO / Kasper De Vos / Softcover,187mm,x,290mm,yellow,35.00,kasper.jpg
113,hairclip,Yellow / chrome metallic,10mm,x,50mm,yellow,0.00,hairclip.jpg
114,folder,Yellow Folder / A4,220mm,x,310mm,yellow,1.70,yellow_folder.jpg